<?xml version="1.0" encoding="UTF-8"?>
<!DOCTYPE hibernate-configuration PUBLIC
	"-//Hibernate/Hibernate Configuration DTD 3.0//EN"
	"http://www.hibernate.org/dtd/hibernate-configuration-3.0.dtd">
<hibernate-configuration>
    <session-factory>
        <!-- Database connection settings -->
        <property name="hibernate.connection.driver_class">com.mysql.cj.jdbc.Driver</property>
        <property name="hibernate.connection.url">jdbc:mysql://localhost:3306/SPC</property>
        <property name="hibernate.connection.username">root</property>
        <property name="hibernate.connection.password">Sambhav@13</property>

        <!-- SQL dialect for MySQL -->
        <property name="hibernate.dialect">org.hibernate.dialect.MySQL8Dialect</property>

        <!-- Enable Hibernate's automatic session context management -->
        <property name="hibernate.current_session_context_class">thread</property>

        <!-- Disable the second-level cache -->
        <property name="hibernate.cache.provider_class">org.hibernate.cache.NoCacheProvider</property>

        <!-- Show SQL statements in console -->
        <property name="hibernate.show_sql">true</property>
        <property name="hibernate.format_sql">true</property>

        <!-- Drop and create the database schema on startup -->
        <property name="hibernate.hbm2ddl.auto">update</property>

<mapping class="com.leadtorev.sambhav.Product"/>
        
    </session-factory>
</hibernate-configuration>
